tanggal,temperatur_rata,kelembapan_rata,curah_hujan,lamanya_penyinaran_matahari,kecepatan_angin_rata,cuaca
2022-01-01,28.2,80.0,0.7,5.1,3.0,Hujan Ringan
2022-01-02,27.9,82.0,0.0,8.5,2.0,Cerah
2022-01-03,28.9,79.0,3.4,3.2,2.0,Hujan Ringan
2022-01-04,28.2,74.0,3.4,9.1,1.0,Hujan Ringan
2022-01-05,28.5,76.0,0.0,5.1,1.0,Cerah
2022-01-06,28.7,80.0,3.0,5.7,1.0,Hujan Ringan
2022-01-07,28.6,78.0,0.8,4.8,2.0,Hujan Ringan
2022-01-08,28.4,77.0,1.3,8.4,2.0,Hujan Ringan
2022-01-09,28.0,83.0,3.4,8.9,2.0,Hujan Ringan
2022-01-10,27.8,84.0,1.0,1.6,2.0,Hujan Ringan
2022-01-11,25.6,92.0,8.0,2.3,1.0,Hujan Ringan
2022-01-12,25.9,91.0,27.2,2.5,2.0,Hujan Sedang
2022-01-13,26.5,86.0,29.0,2.4,2.0,Hujan Sedang
2022-01-14,26.7,86.0,6.5,2.5,1.0,Hujan Ringan
2022-01-15,26.5,86.0,0.8,0.7,2.0,Hujan Ringan
2022-01-16,27.0,86.0,3.4,0.9,1.0,Hujan Ringan
2022-01-17,27.7,83.0,3.4,0.0,2.0,Hujan Ringan
2022-01-18,26.4,88.0,3.0,4.1,1.0,Hujan Ringan
2022-01-19,27.4,84.0,1.5,0.0,2.0,Hujan Ringan
2022-01-20,25.5,89.0,6.5,6.2,2.0,Hujan Ringan
2022-01-21,26.5,84.0,6.0,0.7,2.0,Hujan Ringan
2022-01-22,26.9,85.0,1.9,6.7,1.0,Hujan Ringan
2022-01-23,28.8,78.0,7.5,4.6,2.0,Hujan Ringan
2022-01-24,28.8,74.0,3.4,9.8,3.0,Hujan Ringan
2022-01-25,29.1,76.0,0.0,9.3,3.0,Cerah
2022-01-26,27.4,84.0,3.8,6.7,1.0,Hujan Ringan
2022-01-27,28.4,78.0,1.5,1.7,2.0,Hujan Ringan
2022-01-28,27.3,85.0,0.0,8.1,2.0,Cerah
2022-01-29,27.2,84.0,33.2,3.2,1.0,Hujan Sedang
2022-01-30,27.5,82.0,3.4,3.0,1.0,Hujan Ringan
2022-01-31,27.9,78.0,3.4,1.9,1.0,Hujan Ringan
2022-02-01,28.3,80.0,3.4,6.5,1.0,Hujan Ringan
2022-02-02,28.3,79.0,0.8,5.5,1.0,Hujan Ringan
2022-02-03,28.4,76.0,3.4,3.8,1.0,Hujan Ringan
2022-02-04,26.8,86.0,44.3,5.7,1.0,Hujan Sedang
2022-02-05,25.8,90.0,4.3,5.0,2.0,Hujan Ringan
2022-02-06,26.9,84.0,8.0,0.4,2.0,Hujan Ringan
2022-02-07,27.6,84.0,8.4,1.7,1.0,Hujan Ringan
2022-02-08,26.2,90.0,3.4,5.9,0.0,Hujan Ringan
2022-02-09,27.0,83.0,15.8,0.0,2.0,Hujan Ringan
2022-02-10,26.8,84.0,1.0,4.3,3.0,Hujan Ringan
2022-02-11,26.9,81.0,3.4,1.1,1.0,Hujan Ringan
2022-02-12,27.6,84.0,7.5,1.5,1.0,Hujan Ringan
2022-02-13,26.3,87.0,3.4,0.3,1.0,Hujan Ringan
2022-02-14,26.0,88.0,33.2,0.0,0.0,Hujan Sedang
2022-02-15,27.3,84.0,2.2,0.0,1.0,Hujan Ringan
2022-02-16,27.7,81.0,5.8,2.5,2.0,Hujan Ringan
2022-02-17,26.1,88.0,11.0,6.6,1.0,Hujan Ringan
2022-02-18,26.6,88.0,2.5,3.6,1.0,Hujan Ringan
2022-02-19,27.0,86.0,1.1,0.2,1.0,Hujan Ringan
2022-02-20,27.0,87.0,6.0,1.4,1.0,Hujan Ringan
2022-02-21,28.0,78.0,3.4,1.9,1.0,Hujan Ringan
2022-02-22,28.7,77.0,7.4,5.2,2.0,Hujan Ringan
2022-02-23,28.0,83.0,3.4,7.3,2.0,Hujan Ringan
2022-02-24,27.8,74.0,0.5,2.0,3.0,Hujan Ringan
2022-02-25,26.5,84.0,3.4,4.1,2.0,Hujan Ringan
2022-02-26,26.0,91.0,3.0,0.8,1.0,Hujan Ringan
2022-02-27,26.2,86.0,5.5,2.5,2.0,Hujan Ringan
2022-02-28,27.2,85.0,0.8,5.2,2.0,Hujan Ringan
2022-03-01,25.6,90.0,39.0,2.5,2.0,Hujan Sedang
2022-03-02,26.9,86.0,3.7,0.1,2.0,Hujan Ringan
2022-03-03,27.7,81.0,3.4,6.3,2.0,Hujan Ringan
2022-03-04,27.9,83.0,10.5,5.9,1.0,Hujan Ringan
2022-03-05,26.4,82.0,0.0,1.9,2.0,Cerah
2022-03-06,26.9,84.0,1.0,2.3,3.0,Hujan Ringan
2022-03-07,27.8,80.0,1.2,4.9,2.0,Hujan Ringan
2022-03-08,27.7,80.0,3.4,1.1,1.0,Hujan Ringan
2022-03-09,27.4,83.0,0.6,2.9,1.0,Hujan Ringan
2022-03-10,27.5,83.0,0.0,3.3,1.0,Cerah
2022-03-11,27.0,90.0,4.6,3.7,2.0,Hujan Ringan
2022-03-12,27.0,90.0,28.0,5.3,2.0,Hujan Sedang
2022-03-13,27.4,89.0,28.0,4.0,1.0,Hujan Sedang
2022-03-14,27.8,82.0,17.0,5.5,1.0,Hujan Ringan
2022-03-15,27.0,87.0,7.8,6.6,1.0,Hujan Ringan
2022-03-16,27.2,86.0,35.8,0.0,1.0,Hujan Sedang
2022-03-17,26.1,94.0,3.4,5.3,1.0,Hujan Ringan
2022-03-18,27.3,87.0,73.5,3.6,1.0,Hujan Lebat
2022-03-19,28.1,81.0,4.2,1.3,3.0,Hujan Ringan
2022-03-20,28.2,75.0,3.4,3.0,3.0,Hujan Ringan
2022-03-22,28.5,77.0,3.4,4.9,2.0,Hujan Ringan
2022-03-23,27.1,83.0,3.4,3.3,2.0,Hujan Ringan
2022-03-24,28.2,81.0,3.4,2.0,2.0,Hujan Ringan
2022-03-25,28.8,78.0,0.0,8.3,1.0,Cerah
2022-03-26,27.950000000000003,89.0,3.4,1.1,0.0,Hujan Ringan
2022-03-27,27.1,84.0,8.5,0.0,2.0,Hujan Ringan
2022-03-28,27.4,84.0,6.4,6.1,1.0,Hujan Ringan
2022-03-29,28.0,78.0,4.0,6.7,1.0,Hujan Ringan
2022-03-30,28.4,76.0,0.0,4.1,1.0,Cerah
2022-03-31,28.0,84.0,0.0,0.8,1.0,Cerah
2022-04-01,27.7,82.0,15.0,4.1,1.0,Hujan Ringan
2022-04-02,27.7,81.0,0.4,0.0,2.0,Hujan Ringan
2022-04-03,26.1,85.0,3.4,5.9,2.0,Hujan Ringan
2022-04-04,28.6,77.0,2.1,4.1,2.0,Hujan Ringan
2022-04-05,27.3,82.0,3.4,7.9,1.0,Hujan Ringan
2022-04-06,27.5,80.0,38.7,3.5,2.0,Hujan Sedang
2022-04-07,28.0,80.0,3.4,9.3,1.0,Hujan Ringan
2022-04-08,27.2,82.0,9.0,5.4,1.0,Hujan Ringan
2022-04-09,27.9,80.0,14.7,5.0,1.0,Hujan Ringan
2022-04-10,28.3,78.0,3.4,6.2,0.0,Hujan Ringan
2022-04-11,28.2,80.0,0.4,5.7,1.0,Hujan Ringan
2022-04-12,27.4,85.0,12.1,4.2,1.0,Hujan Ringan
2022-04-13,28.5,81.0,2.1,4.1,1.0,Hujan Ringan
2022-04-14,28.2,79.0,1.3,7.4,2.0,Hujan Ringan
2022-04-15,28.9,78.0,0.0,7.1,1.0,Cerah
2022-04-16,28.5,78.0,3.4,6.8,1.0,Hujan Ringan
2022-04-17,29.0,80.0,3.4,6.2,2.0,Hujan Ringan
2022-04-18,28.7,84.0,2.6,6.2,1.0,Hujan Ringan
2022-04-19,27.3,86.0,3.2,5.4,1.0,Hujan Ringan
2022-04-20,27.8,83.0,18.3,5.2,2.0,Hujan Ringan
2022-04-21,26.4,89.0,1.0,6.2,1.0,Hujan Ringan
2022-04-22,25.5,95.0,2.2,0.2,1.0,Hujan Ringan
2022-04-23,27.5,85.0,39.7,0.9,1.0,Hujan Sedang
2022-04-24,28.7,77.0,0.4,5.9,1.0,Hujan Ringan
2022-04-25,28.4,81.0,3.4,6.8,1.0,Hujan Ringan
2022-04-26,28.3,83.0,30.8,8.1,2.0,Hujan Sedang
2022-04-27,27.1,85.0,0.0,8.1,1.0,Cerah
2022-04-28,26.6,85.0,21.7,1.3,2.0,Hujan Sedang
2022-04-29,28.2,83.0,3.4,2.5,2.0,Hujan Ringan
2022-04-30,26.1,90.0,3.4,6.3,1.0,Hujan Ringan
2022-05-01,28.3,84.0,37.7,2.6,1.0,Hujan Sedang
2022-05-02,27.2,87.0,0.2,3.4,1.0,Hujan Ringan
2022-05-03,28.1,81.0,32.3,3.8,1.0,Hujan Sedang
2022-05-04,28.5,84.0,0.0,4.8,2.0,Cerah
2022-05-05,28.6,77.0,3.4,3.3,1.0,Hujan Ringan
2022-05-06,29.7,76.0,3.4,7.1,2.0,Hujan Ringan
2022-05-07,28.7,81.0,3.4,8.5,1.0,Hujan Ringan
2022-05-08,29.3,76.0,3.4,5.1,2.0,Hujan Ringan
2022-05-09,29.1,78.0,3.4,9.3,2.0,Hujan Ringan
2022-05-10,29.9,75.0,0.8,2.3,1.0,Hujan Ringan
2022-05-11,28.0,84.0,4.2,5.5,1.0,Hujan Ringan
2022-05-12,29.0,79.0,3.4,3.5,2.0,Hujan Ringan
2022-05-13,29.3,76.0,3.4,5.5,1.0,Hujan Ringan
2022-05-14,28.6,82.0,3.4,7.9,1.0,Hujan Ringan
2022-05-15,28.2,83.0,2.5,3.0,1.0,Hujan Ringan
2022-05-16,27.7,84.0,10.7,6.1,1.0,Hujan Ringan
2022-05-17,28.7,84.0,30.8,5.8,1.0,Hujan Sedang
2022-05-18,27.3,87.0,0.3,2.5,1.0,Hujan Ringan
2022-05-19,27.2,88.0,43.2,5.1,1.0,Hujan Sedang
2022-05-20,26.9,87.0,4.2,3.0,1.0,Hujan Ringan
2022-05-21,27.3,84.0,5.5,3.2,0.0,Hujan Ringan
2022-05-22,27.7,81.0,3.4,2.1,1.0,Hujan Ringan
2022-05-23,28.7,79.0,3.4,0.4,2.0,Hujan Ringan
2022-05-24,29.4,78.0,0.0,5.8,2.0,Cerah
2022-05-25,27.4,85.0,0.0,7.8,1.0,Cerah
2022-05-26,27.2,84.0,1.9,2.1,1.0,Hujan Ringan
2022-05-27,28.4,82.0,3.4,0.6,1.0,Hujan Ringan
2022-05-28,25.1,90.0,37.5,7.1,0.0,Hujan Sedang
2022-05-29,26.7,85.0,26.0,0.4,1.0,Hujan Sedang
2022-05-30,26.2,87.0,0.1,5.1,1.0,Hujan Ringan
2022-05-31,26.1,86.0,0.2,0.9,2.0,Hujan Ringan
2022-06-01,27.4,83.0,11.5,4.7,1.0,Hujan Ringan
2022-06-02,27.5,86.0,3.4,7.6,1.0,Hujan Ringan
2022-06-03,27.4,82.0,24.3,5.8,0.0,Hujan Sedang
2022-06-04,28.1,80.0,0.0,8.0,1.0,Cerah
2022-06-05,27.1,83.0,3.4,6.4,1.0,Hujan Ringan
2022-06-06,25.9,88.0,10.9,5.5,1.0,Hujan Ringan
2022-06-07,27.0,84.0,23.3,0.9,1.0,Hujan Sedang
2022-06-08,27.0,86.0,3.4,4.9,0.0,Hujan Ringan
2022-06-09,24.9,94.0,1.2,2.5,0.0,Hujan Ringan
2022-06-10,27.3,82.0,23.0,0.0,1.0,Hujan Sedang
2022-06-11,27.2,89.0,1.0,7.6,1.0,Hujan Ringan
2022-06-12,26.3,89.0,12.0,2.7,1.0,Hujan Ringan
2022-06-13,25.6,91.0,68.3,5.6,0.0,Hujan Lebat
2022-06-14,27.2,88.0,27.0,1.8,0.0,Hujan Sedang
2022-06-15,26.2,90.0,2.0,3.3,0.0,Hujan Ringan
2022-06-16,26.0,89.0,15.4,0.0,1.0,Hujan Ringan
2022-06-17,26.2,87.0,3.4,1.8,0.0,Hujan Ringan
2022-06-18,26.6,84.0,3.4,0.6,0.0,Hujan Ringan
2022-06-19,27.6,81.0,3.4,1.9,2.0,Hujan Ringan
2022-06-20,27.4,82.0,3.4,8.1,1.0,Hujan Ringan
2022-06-21,27.7,77.0,3.3,4.3,2.0,Hujan Ringan
2022-06-22,27.6,84.0,1.6,6.8,1.0,Hujan Ringan
2022-06-23,28.4,78.0,3.4,3.5,2.0,Hujan Ringan
2022-06-24,27.2,82.0,3.4,5.1,1.0,Hujan Ringan
2022-06-25,26.9,86.0,3.4,1.6,0.0,Hujan Ringan
2022-06-26,26.6,88.0,37.5,1.7,0.0,Hujan Sedang
2022-06-27,27.9,82.0,1.2,2.1,1.0,Hujan Ringan
2022-06-28,28.1,80.0,0.2,3.7,1.0,Hujan Ringan
2022-06-29,27.7,75.0,24.8,4.9,1.0,Hujan Sedang
2022-06-30,27.2,72.0,3.4,7.3,1.0,Hujan Ringan
2022-07-01,28.1,79.0,3.4,8.3,1.0,Hujan Ringan
2022-07-02,28.8,76.0,3.4,8.7,1.0,Hujan Ringan
2022-07-03,29.2,79.0,3.4,5.1,0.0,Hujan Ringan
2022-07-04,29.5,75.0,2.0,3.5,3.0,Hujan Ringan
2022-07-05,28.7,80.0,3.4,9.0,1.0,Hujan Ringan
2022-07-06,26.2,89.0,37.8,5.5,0.0,Hujan Sedang
2022-07-07,28.0,82.0,0.6,2.6,1.0,Hujan Ringan
2022-07-08,28.6,80.0,3.4,6.9,0.0,Hujan Ringan
2022-07-09,27.9,78.0,3.4,7.3,1.0,Hujan Ringan
2022-07-10,29.9,68.0,3.4,3.6,1.0,Hujan Ringan
2022-07-11,28.2,74.0,3.4,7.9,1.0,Hujan Ringan
2022-07-12,28.7,78.0,3.4,3.7,1.0,Hujan Ringan
2022-07-13,26.7,86.0,0.7,3.0,1.0,Hujan Ringan
2022-07-14,28.1,82.0,24.8,0.0,2.0,Hujan Sedang
2022-07-15,27.8,89.0,3.4,6.6,1.0,Hujan Ringan
2022-07-16,25.3,88.0,65.3,6.0,0.0,Hujan Lebat
2022-07-17,27.3,83.0,13.2,0.7,1.0,Hujan Ringan
2022-07-18,27.7,82.0,3.4,0.4,1.0,Hujan Ringan
2022-07-19,28.6,80.0,3.4,5.4,1.0,Hujan Ringan
2022-07-20,28.9,84.0,3.4,6.4,1.0,Hujan Ringan
2022-07-21,28.6,82.0,3.4,6.3,1.0,Hujan Ringan
2022-07-22,28.3,86.0,3.4,8.3,1.0,Hujan Ringan
2022-07-23,28.1,82.0,0.2,2.0,1.0,Hujan Ringan
2022-07-24,28.0,82.0,4.0,4.2,1.0,Hujan Ringan
2022-07-25,28.0,85.0,3.5,8.3,1.0,Hujan Ringan
2022-07-26,28.3,82.0,3.4,3.3,2.0,Hujan Ringan
2022-07-27,28.2,76.0,3.4,6.5,1.0,Hujan Ringan
2022-07-28,28.8,76.0,3.4,5.5,2.0,Hujan Ringan
2022-07-29,28.9,81.0,3.4,8.6,1.0,Hujan Ringan
2022-07-30,29.0,81.0,3.4,7.7,2.0,Hujan Ringan
2022-07-31,28.5,80.0,3.4,6.2,1.0,Hujan Ringan
2022-08-01,28.4,80.0,3.4,7.1,2.0,Hujan Ringan
2022-08-02,28.5,79.0,3.4,7.8,1.0,Hujan Ringan
2022-08-03,28.8,80.0,3.4,4.4,2.0,Hujan Ringan
2022-08-04,27.5,86.0,3.4,1.3,1.0,Hujan Ringan
2022-08-05,28.0,79.0,1.3,3.4,2.0,Hujan Ringan
2022-08-06,28.2,80.0,3.4,3.6,1.0,Hujan Ringan
2022-08-07,28.7,78.0,3.4,9.4,2.0,Hujan Ringan
2022-08-08,28.2,80.0,31.8,7.5,2.0,Hujan Sedang
2022-08-09,28.6,78.0,3.4,9.4,1.0,Hujan Ringan
2022-08-10,28.7,84.0,3.4,7.3,2.0,Hujan Ringan
2022-08-11,28.9,84.0,3.4,7.6,2.0,Hujan Ringan
2022-08-12,28.7,84.0,3.4,8.1,2.0,Hujan Ringan
2022-08-13,28.3,82.0,0.5,3.9,1.0,Hujan Ringan
2022-08-14,28.7,84.0,3.4,7.6,2.0,Hujan Ringan
2022-08-15,28.6,86.0,3.4,8.7,2.0,Hujan Ringan
2022-08-16,27.7,88.0,0.8,6.5,2.0,Hujan Ringan
2022-08-17,27.1,90.0,5.0,4.2,2.0,Hujan Ringan
2022-08-18,28.5,80.0,9.9,6.0,2.0,Hujan Ringan
2022-08-19,29.1,78.0,3.4,8.0,3.0,Hujan Ringan
2022-08-20,29.2,82.0,3.4,9.7,2.0,Hujan Ringan
2022-08-21,28.4,82.0,3.4,7.7,1.0,Hujan Ringan
2022-08-22,26.6,90.0,11.4,4.5,1.0,Hujan Ringan
2022-08-23,28.5,86.0,3.4,1.0,2.0,Hujan Ringan
2022-08-24,28.5,86.0,15.0,8.1,2.0,Hujan Ringan
2022-08-25,28.7,79.0,3.4,6.5,2.0,Hujan Ringan
2022-08-26,28.3,86.0,3.4,8.3,2.0,Hujan Ringan
2022-08-27,28.0,86.0,3.4,2.1,1.0,Hujan Ringan
2022-08-28,27.2,86.0,46.5,1.6,1.0,Hujan Sedang
2022-08-29,27.3,86.0,22.5,3.7,1.0,Hujan Sedang
2022-08-30,28.2,85.0,3.4,5.7,2.0,Hujan Ringan
2022-08-31,28.4,81.0,3.4,6.6,2.0,Hujan Ringan
2022-09-01,28.8,82.0,3.4,5.0,2.0,Hujan Ringan
2022-09-02,26.5,89.0,3.4,2.9,1.0,Hujan Ringan
2022-09-03,27.3,88.0,0.8,1.4,3.0,Hujan Ringan
2022-09-04,28.3,81.0,3.4,6.6,1.0,Hujan Ringan
2022-09-05,29.0,82.0,3.4,6.9,2.0,Hujan Ringan
2022-09-06,28.8,85.0,8.0,6.6,2.0,Hujan Ringan
2022-09-07,26.0,97.0,7.5,4.3,1.0,Hujan Ringan
2022-09-08,25.5,95.0,63.4,2.1,0.0,Hujan Lebat
2022-09-09,25.9,89.0,3.6,0.0,2.0,Hujan Ringan
2022-09-10,25.9,90.0,31.4,1.1,1.0,Hujan Sedang
2022-09-11,27.1,88.0,35.0,1.7,1.0,Hujan Sedang
2022-09-12,27.1,87.0,1.3,7.1,1.0,Hujan Ringan
2022-09-13,26.4,88.0,0.4,5.1,1.0,Hujan Ringan
2022-09-14,27.4,85.0,19.7,4.2,1.0,Hujan Ringan
2022-09-15,28.4,84.0,3.4,4.6,1.0,Hujan Ringan
2022-09-16,28.2,80.0,3.4,6.4,1.0,Hujan Ringan
2022-09-17,28.5,80.0,1.0,5.3,2.0,Hujan Ringan
2022-09-18,28.3,83.0,3.4,3.9,1.0,Hujan Ringan
2022-09-19,27.7,85.0,3.4,3.2,2.0,Hujan Ringan
2022-09-20,27.8,79.0,2.6,6.0,1.0,Hujan Ringan
2022-09-21,28.0,84.0,3.4,4.7,2.0,Hujan Ringan
2022-09-22,26.1,92.0,17.5,4.1,1.0,Hujan Ringan
2022-09-23,26.1,92.0,54.5,2.6,1.0,Hujan Lebat
2022-09-24,27.7,83.0,30.0,3.2,2.0,Hujan Sedang
2022-09-25,28.6,82.0,3.4,8.4,1.0,Hujan Ringan
2022-09-26,28.4,80.0,3.4,4.8,1.0,Hujan Ringan
2022-09-27,28.7,76.0,14.2,5.7,2.0,Hujan Ringan
2022-09-28,28.5,80.0,3.4,8.1,2.0,Hujan Ringan
2022-09-29,28.8,76.0,0.5,5.8,2.0,Hujan Ringan
2022-09-30,28.1,80.0,3.4,2.6,2.0,Hujan Ringan
2022-10-01,29.6,83.0,0.2,4.0,2.0,Hujan Ringan
2022-10-02,26.6,84.0,8.4,4.3,1.0,Hujan Ringan
2022-10-03,27.4,86.0,0.7,0.4,1.0,Hujan Ringan
2022-10-04,27.2,88.0,13.8,5.2,1.0,Hujan Ringan
2022-10-05,27.0,91.0,43.5,4.4,1.0,Hujan Sedang
2022-10-06,26.4,90.0,3.4,1.1,1.0,Hujan Ringan
2022-10-07,26.0,93.0,18.4,3.6,2.0,Hujan Ringan
2022-10-08,26.5,90.0,10.2,4.1,1.0,Hujan Ringan
2022-10-09,27.1,88.0,1.0,1.5,2.0,Hujan Ringan
2022-10-10,27.2,88.0,3.4,4.0,1.0,Hujan Ringan
2022-10-11,26.8,90.0,3.4,2.2,1.0,Hujan Ringan
2022-10-12,27.5,82.0,4.5,0.0,2.0,Hujan Ringan
2022-10-13,26.1,90.0,3.4,0.0,1.0,Hujan Ringan
2022-10-14,27.6,85.0,75.3,2.1,2.0,Hujan Lebat
2022-10-15,27.2,89.0,3.4,7.9,2.0,Hujan Ringan
2022-10-16,28.1,87.0,28.0,3.0,1.0,Hujan Sedang
2022-10-17,29.2,84.0,3.4,6.0,1.0,Hujan Ringan
2022-10-18,27.4,88.0,3.3,5.3,1.0,Hujan Ringan
2022-10-19,26.8,89.0,3.4,0.7,1.0,Hujan Ringan
2022-10-20,25.9,93.0,16.7,1.0,1.0,Hujan Ringan
2022-10-21,27.4,86.0,21.7,1.9,2.0,Hujan Sedang
2022-10-22,28.3,86.0,3.4,0.4,2.0,Hujan Ringan
2022-10-23,28.0,86.0,10.0,4.5,3.0,Hujan Ringan
2022-10-24,27.9,86.0,3.4,6.4,3.0,Hujan Ringan
2022-10-25,27.2,86.0,0.2,5.8,2.0,Hujan Ringan
2022-10-26,25.9,91.0,25.3,1.4,3.0,Hujan Sedang
2022-10-27,27.7,82.0,3.4,0.9,1.0,Hujan Ringan
2022-10-28,28.2,77.0,3.4,4.7,2.0,Hujan Ringan
2022-10-29,29.0,80.0,3.4,8.8,2.0,Hujan Ringan
2022-10-30,29.3,76.0,3.4,7.4,2.0,Hujan Ringan
2022-10-31,29.1,75.0,3.4,8.1,2.0,Hujan Ringan
2022-11-01,28.8,79.0,3.4,4.5,2.0,Hujan Ringan
2022-11-02,29.2,84.0,3.4,4.5,2.0,Hujan Ringan
2022-11-03,27.2,88.0,36.4,3.8,1.0,Hujan Sedang
2022-11-04,27.4,87.0,26.4,0.4,2.0,Hujan Sedang
2022-11-05,25.4,90.0,22.4,4.8,1.0,Hujan Sedang
2022-11-06,27.3,87.0,67.4,3.9,1.0,Hujan Lebat
2022-11-07,26.1,93.0,7.8,0.3,1.0,Hujan Ringan
2022-11-08,26.4,90.0,21.4,1.1,1.0,Hujan Sedang
2022-11-09,27.1,87.0,18.2,0.4,2.0,Hujan Ringan
2022-11-10,27.5,88.0,3.4,0.6,2.0,Hujan Ringan
2022-11-11,26.9,86.0,5.5,0.8,2.0,Hujan Ringan
2022-11-12,26.5,89.0,3.4,2.1,2.0,Hujan Ringan
2022-11-13,26.2,92.0,1.1,2.2,2.0,Hujan Ringan
2022-11-14,27.5,86.0,2.4,0.9,1.0,Hujan Ringan
2022-11-15,27.8,86.0,3.4,5.0,1.0,Hujan Ringan
2022-11-16,28.5,81.0,3.4,1.1,1.0,Hujan Ringan
2022-11-17,25.4,94.0,31.5,4.5,1.0,Hujan Sedang
2022-11-18,27.5,84.0,7.2,0.0,3.0,Hujan Ringan
2022-11-19,27.8,84.0,3.4,3.0,3.0,Hujan Ringan
2022-11-20,28.9,79.0,3.4,6.2,3.0,Hujan Ringan
2022-11-21,28.7,80.0,3.4,6.5,3.0,Hujan Ringan
2022-11-23,28.6,82.0,3.4,7.2,2.0,Hujan Ringan
2022-11-24,28.4,82.0,3.4,4.6,3.0,Hujan Ringan
2022-11-25,26.7,89.0,3.4,3.0,1.0,Hujan Ringan
2022-11-26,27.7,86.0,1.1,2.3,2.0,Hujan Ringan
2022-11-27,27.8,84.0,1.7,0.8,2.0,Hujan Ringan
2022-11-28,27.2,88.0,0.4,3.7,1.0,Hujan Ringan
2022-11-29,28.2,83.0,94.5,2.2,1.0,Hujan Lebat
2022-11-30,27.3,86.0,2.2,7.0,1.0,Hujan Ringan
2022-12-01,26.6,90.0,9.4,1.8,1.0,Hujan Ringan
2022-12-02,27.1,88.0,123.8,4.4,1.0,Hujan Lebat
2022-12-03,27.9,84.0,3.4,2.0,1.0,Hujan Ringan
2022-12-04,28.1,84.0,3.4,5.6,1.0,Hujan Ringan
2022-12-05,27.0,84.0,0.2,2.0,1.0,Hujan Ringan
2022-12-06,26.9,90.0,3.4,2.6,1.0,Hujan Ringan
2022-12-07,27.1,87.0,29.8,2.5,1.0,Hujan Sedang
2022-12-08,27.7,86.0,3.4,0.8,1.0,Hujan Ringan
2022-12-09,26.8,88.0,3.4,1.4,2.0,Hujan Ringan
2022-12-10,28.1,80.0,1.5,1.3,2.0,Hujan Ringan
2022-12-11,27.7,83.0,3.4,6.7,3.0,Hujan Ringan
2022-12-12,28.1,84.0,3.4,1.6,3.0,Hujan Ringan
2022-12-13,27.5,87.0,0.3,7.2,3.0,Hujan Ringan
2022-12-15,29.2,77.0,3.4,6.9,3.0,Hujan Ringan
2022-12-16,26.2,88.0,3.4,8.1,1.0,Hujan Ringan
2022-12-17,28.2,85.0,33.0,2.6,2.0,Hujan Sedang
2022-12-18,28.4,84.0,8.0,7.4,2.0,Hujan Ringan
2022-12-19,28.1,83.0,3.4,7.3,1.0,Hujan Ringan
2022-12-20,28.1,85.0,3.4,1.8,1.0,Hujan Ringan
2022-12-21,28.2,86.0,6.8,5.1,2.0,Hujan Ringan
2022-12-22,27.5,87.0,0.6,4.9,2.0,Hujan Ringan
2022-12-23,26.3,88.0,43.7,0.0,2.0,Hujan Sedang
2022-12-24,26.6,91.0,1.0,0.0,1.0,Hujan Ringan
2022-12-25,25.3,94.0,15.3,1.2,1.0,Hujan Ringan
2022-12-26,25.4,94.0,3.4,0.0,1.0,Hujan Ringan
2022-12-27,25.1,92.0,22.3,0.0,2.0,Hujan Sedang
2022-12-28,25.2,91.0,0.3,1.7,3.0,Hujan Ringan
2022-12-29,25.2,92.0,26.1,1.0,2.0,Hujan Sedang
2022-12-30,25.3,94.0,8.9,0.2,1.0,Hujan Ringan
2022-12-31,24.9,94.0,3.2,0.0,2.0,Hujan Ringan
2023-01-01,25.5,94.0,6.8,0.4,2.0,Hujan Ringan
2023-01-02,26.6,89.0,5.3,2.1,2.0,Hujan Ringan
2023-01-03,24.9,92.0,3.3,1.4,2.0,Hujan Ringan
2023-01-04,25.3,94.0,3.4,0.0,1.0,Hujan Ringan
2023-01-05,26.5,88.0,56.4,0.9,2.0,Hujan Lebat
2023-01-07,28.9,82.0,3.4,8.9,3.0,Hujan Ringan
2023-01-08,27.5,84.0,3.4,9.2,3.0,Hujan Ringan
2023-01-09,28.8,82.0,3.4,4.1,3.0,Hujan Ringan
2023-01-10,29.2,79.0,3.4,6.5,3.0,Hujan Ringan
2023-01-11,28.6,79.0,0.0,4.6,2.0,Cerah
2023-01-12,28.9,82.0,3.4,2.8,1.0,Hujan Ringan
2023-01-13,28.3,84.0,3.4,8.4,2.0,Hujan Ringan
2023-01-14,28.8,84.0,0.1,3.6,1.0,Hujan Ringan
2023-01-15,28.7,81.0,1.2,6.6,2.0,Hujan Ringan
2023-01-16,27.5,86.0,3.4,7.3,2.0,Hujan Ringan
2023-01-17,26.9,88.0,14.5,4.9,2.0,Hujan Ringan
2023-01-18,26.7,89.0,0.0,0.0,1.0,Cerah
2023-01-19,27.0,88.0,6.9,0.0,2.0,Hujan Ringan
2023-01-20,27.5,86.0,3.4,2.3,2.0,Hujan Ringan
2023-01-21,28.0,84.0,3.4,2.5,2.0,Hujan Ringan
2023-01-22,28.4,83.0,3.4,5.7,3.0,Hujan Ringan
2023-01-23,28.1,81.0,3.4,8.2,3.0,Hujan Ringan
2023-01-25,26.3,86.0,3.4,5.2,3.0,Hujan Ringan
2023-01-26,27.4,86.0,3.4,0.0,2.0,Hujan Ringan
2023-01-27,27.4,87.0,3.4,1.3,1.0,Hujan Ringan
2023-01-28,25.5,94.0,2.6,0.0,1.0,Hujan Ringan
2023-01-29,27.0,88.0,8.8,0.0,2.0,Hujan Ringan
2023-01-30,27.8,85.0,3.4,0.3,2.0,Hujan Ringan
2023-01-31,26.8,87.0,3.4,3.1,1.0,Hujan Ringan
2023-02-01,26.2,92.0,11.6,1.0,2.0,Hujan Ringan
2023-02-02,27.4,89.0,3.3,0.2,1.0,Hujan Ringan
2023-02-03,26.1,89.0,9.6,0.1,1.0,Hujan Ringan
2023-02-04,27.6,87.0,3.4,1.2,0.0,Hujan Ringan
2023-02-06,28.5,82.0,0.6,7.4,3.0,Hujan Ringan
2023-02-07,27.5,86.0,3.4,2.5,2.0,Hujan Ringan
2023-02-08,27.1,85.0,16.7,0.7,2.0,Hujan Ringan
2023-02-10,27.7,86.0,3.4,1.7,3.0,Hujan Ringan
2023-02-11,25.8,92.0,48.3,5.2,1.0,Hujan Sedang
2023-02-13,26.3,90.0,2.2,0.0,3.0,Hujan Ringan
2023-02-15,26.7,88.0,3.4,0.6,3.0,Hujan Ringan
2023-02-16,26.8,88.0,5.5,3.4,2.0,Hujan Ringan
2023-02-17,26.0,90.0,1.8,2.7,1.0,Hujan Ringan
2023-02-18,27.4,87.0,3.4,0.7,2.0,Hujan Ringan
2023-02-19,27.6,88.0,1.4,5.5,2.0,Hujan Ringan
2023-02-20,27.3,84.0,3.4,7.6,3.0,Hujan Ringan
2023-02-21,26.4,91.0,3.4,6.9,3.0,Hujan Ringan
2023-02-22,26.3,91.0,10.1,3.6,2.0,Hujan Ringan
2023-02-23,26.4,92.0,6.5,1.2,2.0,Hujan Ringan
2023-02-24,25.4,96.0,65.0,3.6,1.0,Hujan Lebat
2023-02-25,26.0,93.0,71.5,0.0,2.0,Hujan Lebat
2023-02-26,25.4,96.0,12.2,0.7,2.0,Hujan Ringan
2023-02-27,26.3,90.0,105.0,1.2,2.0,Hujan Lebat
2023-02-28,26.7,88.0,11.7,0.7,2.0,Hujan Ringan
2023-03-01,25.7,91.0,4.1,3.4,2.0,Hujan Ringan
2023-03-03,26.3,90.0,1.9,0.0,2.0,Hujan Ringan
2023-03-04,26.9,83.0,22.2,4.3,2.0,Hujan Sedang
2023-03-05,25.9,90.0,1.6,1.1,2.0,Hujan Ringan
2023-03-07,27.8,84.0,3.4,7.9,2.0,Hujan Ringan
2023-03-08,26.3,90.0,3.4,9.3,1.0,Hujan Ringan
2023-03-09,27.3,84.0,2.0,3.1,2.0,Hujan Ringan
2023-03-10,27.0,83.0,17.9,5.5,2.0,Hujan Ringan
2023-03-11,27.4,84.0,53.7,5.7,1.0,Hujan Lebat
2023-03-12,27.7,84.0,3.4,5.6,1.0,Hujan Ringan
2023-03-13,28.0,78.0,3.4,2.1,2.0,Hujan Ringan
2023-03-14,27.1,86.0,0.2,5.5,2.0,Hujan Ringan
2023-03-15,25.1,92.0,65.0,0.7,1.0,Hujan Lebat
2023-03-16,27.3,82.0,0.3,0.0,2.0,Hujan Ringan
2023-03-17,28.0,83.0,3.4,6.4,1.0,Hujan Ringan
2023-03-18,28.4,78.0,0.6,5.0,2.0,Hujan Ringan
2023-03-19,28.3,80.0,3.4,9.1,1.0,Hujan Ringan
2023-03-20,28.0,80.0,3.4,4.9,1.0,Hujan Ringan
2023-03-21,28.0,77.0,3.4,6.7,2.0,Hujan Ringan
2023-03-22,28.9,80.0,3.1,5.7,1.0,Hujan Ringan
2023-03-23,29.4,79.0,3.4,4.9,2.0,Hujan Ringan
2023-03-24,29.6,78.0,3.4,5.6,2.0,Hujan Ringan
2023-03-25,28.6,82.0,3.4,5.5,2.0,Hujan Ringan
2023-03-26,27.4,85.0,3.0,3.1,2.0,Hujan Ringan
2023-03-27,26.9,84.0,5.7,5.3,1.0,Hujan Ringan
2023-03-28,27.0,86.0,18.4,3.2,1.0,Hujan Ringan
2023-03-29,26.5,86.0,3.4,0.1,2.0,Hujan Ringan
2023-03-30,26.9,86.0,14.0,2.6,2.0,Hujan Ringan
2023-03-31,28.4,77.0,4.6,4.3,2.0,Hujan Ringan
2023-04-01,27.2,82.0,3.4,2.7,3.0,Hujan Ringan
2023-04-02,28.4,80.0,6.0,0.1,2.0,Hujan Ringan
2023-04-03,28.2,76.0,3.4,6.0,2.0,Hujan Ringan
2023-04-04,28.1,77.0,3.4,8.3,2.0,Hujan Ringan
2023-04-05,28.4,73.0,3.4,3.5,2.0,Hujan Ringan
2023-04-06,28.8,72.0,3.4,9.5,3.0,Hujan Ringan
2023-04-07,28.6,74.0,3.4,4.1,2.0,Hujan Ringan
2023-04-08,29.8,68.0,3.4,9.1,2.0,Hujan Ringan
2023-04-09,29.0,72.0,3.4,8.2,2.0,Hujan Ringan
2023-04-13,28.3,78.0,3.4,9.3,2.0,Hujan Ringan
2023-04-14,29.0,74.0,0.0,3.6,2.0,Cerah
2023-04-15,29.9,71.0,0.5,6.1,3.0,Hujan Ringan
2023-04-16,29.4,72.0,3.4,7.6,2.0,Hujan Ringan
2023-04-17,30.0,72.0,3.4,4.4,2.0,Hujan Ringan
2023-04-18,29.6,76.0,0.5,9.9,2.0,Hujan Ringan
2023-04-19,29.2,80.0,3.4,3.6,2.0,Hujan Ringan
2023-04-20,29.0,82.0,5.3,6.6,1.0,Hujan Ringan
2023-04-21,28.6,81.0,11.5,3.0,1.0,Hujan Ringan
2023-04-22,29.7,77.0,3.4,5.1,2.0,Hujan Ringan
2023-04-23,28.8,79.0,3.4,7.7,1.0,Hujan Ringan
2023-04-24,29.1,78.0,3.4,6.3,2.0,Hujan Ringan
2023-04-25,29.2,77.0,1.8,6.9,2.0,Hujan Ringan
2023-04-26,28.7,80.0,3.4,5.1,1.0,Hujan Ringan
2023-04-27,29.0,78.0,14.9,6.6,2.0,Hujan Ringan
2023-04-28,27.7,88.0,7.6,5.0,1.0,Hujan Ringan
2023-04-29,27.8,85.0,25.3,1.1,1.0,Hujan Sedang
2023-04-30,29.0,83.0,0.7,3.0,1.0,Hujan Ringan
2023-05-01,28.9,84.0,0.9,2.0,1.0,Hujan Ringan
2023-05-02,29.0,85.0,1.0,1.7,2.0,Hujan Ringan
2023-05-03,29.5,82.0,3.4,2.5,2.0,Hujan Ringan
2023-05-04,28.9,85.0,2.3,4.1,2.0,Hujan Ringan
2023-05-05,29.0,86.0,29.4,4.5,2.0,Hujan Sedang
2023-05-06,28.8,85.0,3.4,5.4,1.0,Hujan Ringan
2023-05-07,28.0,87.0,5.4,2.0,1.0,Hujan Ringan
2023-05-08,28.0,86.0,3.4,3.8,2.0,Hujan Ringan
2023-05-09,29.3,81.0,4.5,2.3,2.0,Hujan Ringan
2023-05-10,30.3,82.0,0.5,4.5,2.0,Hujan Ringan
2023-05-11,28.8,84.0,3.4,6.7,2.0,Hujan Ringan
2023-05-12,32.2,74.0,3.4,3.6,3.0,Hujan Ringan
2023-05-13,28.9,87.0,3.4,9.4,2.0,Hujan Ringan
2023-05-14,31.1,74.0,5.8,6.7,2.0,Hujan Ringan
2023-05-15,28.9,82.0,3.4,7.0,1.0,Hujan Ringan
2023-05-16,29.0,78.0,3.4,9.5,2.0,Hujan Ringan
2023-05-17,29.3,76.0,3.4,7.5,2.0,Hujan Ringan
2023-05-18,28.9,83.0,3.4,8.5,1.0,Hujan Ringan
2023-05-19,28.3,86.0,3.4,0.0,1.0,Hujan Ringan
2023-05-20,29.1,82.0,8.0,3.7,1.0,Hujan Ringan
2023-05-21,28.3,85.0,3.4,2.2,2.0,Hujan Ringan
2023-05-22,28.5,84.0,10.8,6.4,2.0,Hujan Ringan
2023-05-23,29.1,82.0,0.5,6.2,1.0,Hujan Ringan
2023-05-24,28.8,81.0,3.4,6.4,1.0,Hujan Ringan
2023-05-25,29.3,82.0,3.4,1.8,2.0,Hujan Ringan
2023-05-26,31.4,76.0,3.4,4.7,2.0,Hujan Ringan
2023-05-27,29.0,86.0,3.4,5.9,0.0,Hujan Ringan
2023-05-28,28.7,87.0,21.7,3.2,1.0,Hujan Sedang
2023-05-29,30.8,80.0,3.4,3.3,1.0,Hujan Ringan
2023-05-30,30.9,78.0,3.4,2.4,2.0,Hujan Ringan
2023-05-31,31.1,76.0,3.4,3.2,2.0,Hujan Ringan
2023-06-01,28.9,81.0,3.4,7.7,1.0,Hujan Ringan
2023-06-02,29.8,80.0,3.4,5.0,2.0,Hujan Ringan
2023-06-03,31.3,77.0,3.4,6.6,2.0,Hujan Ringan
2023-06-04,29.6,78.0,3.4,5.6,1.0,Hujan Ringan
2023-06-05,28.9,83.0,3.4,7.7,1.0,Hujan Ringan
2023-06-06,27.5,88.0,1.0,6.0,2.0,Hujan Ringan
2023-06-07,30.0,78.0,20.0,2.5,1.0,Hujan Ringan
2023-06-08,29.4,78.0,3.4,4.4,2.0,Hujan Ringan
2023-06-09,29.3,82.0,3.4,4.9,1.0,Hujan Ringan
2023-06-10,29.1,79.0,3.4,10.1,0.0,Hujan Ringan
2023-06-11,29.2,79.0,3.4,5.6,1.0,Hujan Ringan
2023-06-12,30.7,77.0,3.4,8.6,1.0,Hujan Ringan
2023-06-13,29.4,82.0,3.4,5.5,1.0,Hujan Ringan
2023-06-14,28.6,83.0,0.8,4.1,1.0,Hujan Ringan
2023-06-15,30.5,74.0,19.0,3.7,2.0,Hujan Ringan
2023-06-16,25.7,92.0,2.0,6.7,1.0,Hujan Ringan
2023-06-17,27.3,85.0,9.3,0.0,1.0,Hujan Ringan
2023-06-18,27.9,88.0,3.4,0.0,1.0,Hujan Ringan
2023-06-19,26.9,89.0,1.6,4.6,1.0,Hujan Ringan
2023-06-20,28.2,84.0,17.0,2.8,2.0,Hujan Ringan
2023-06-21,28.6,88.0,3.4,4.6,2.0,Hujan Ringan
2023-06-22,28.8,82.0,34.7,5.3,2.0,Hujan Sedang
2023-06-23,28.9,86.0,1.9,5.9,1.0,Hujan Ringan
2023-06-24,29.0,82.0,1.0,3.9,2.0,Hujan Ringan
2023-06-25,28.5,86.0,3.4,4.2,2.0,Hujan Ringan
2023-06-26,27.6,86.0,12.0,3.7,1.0,Hujan Ringan
2023-06-27,28.4,79.0,3.4,7.8,1.0,Hujan Ringan
2023-06-28,28.5,82.0,1.8,6.8,2.0,Hujan Ringan
2023-06-29,28.7,84.0,1.8,6.2,2.0,Hujan Ringan
2023-06-30,28.9,83.0,1.0,6.5,1.0,Hujan Ringan
2023-07-01,28.7,83.0,3.4,6.3,1.0,Hujan Ringan
2023-07-02,28.8,82.0,3.4,4.1,2.0,Hujan Ringan
2023-07-03,28.5,81.0,1.3,2.4,2.0,Hujan Ringan
2023-07-04,28.0,77.0,7.0,2.5,1.0,Hujan Ringan
2023-07-05,28.4,77.0,3.4,5.9,1.0,Hujan Ringan
2023-07-06,27.2,85.0,2.0,4.9,1.0,Hujan Ringan
2023-07-07,26.7,87.0,0.5,0.3,2.0,Hujan Ringan
2023-07-08,26.7,85.0,19.2,1.2,2.0,Hujan Ringan
2023-07-09,27.8,84.0,0.6,4.8,2.0,Hujan Ringan
2023-07-10,28.8,83.0,3.4,7.8,2.0,Hujan Ringan
2023-07-11,28.6,83.0,3.4,5.3,2.0,Hujan Ringan
2023-07-12,28.8,81.0,3.4,9.2,2.0,Hujan Ringan
2023-07-13,28.5,76.0,3.4,6.6,2.0,Hujan Ringan
2023-07-14,28.0,87.0,3.4,6.4,1.0,Hujan Ringan
2023-07-15,28.1,81.0,0.2,3.3,1.0,Hujan Ringan
2023-07-16,28.5,77.0,3.4,3.4,1.0,Hujan Ringan
2023-07-17,28.5,76.0,3.4,5.8,1.0,Hujan Ringan
2023-07-18,28.6,78.0,3.4,7.8,3.0,Hujan Ringan
2023-07-19,28.8,76.0,3.4,10.5,2.0,Hujan Ringan
2023-07-20,28.3,70.0,3.4,10.1,2.0,Hujan Ringan
2023-07-21,28.5,78.0,3.4,8.3,2.0,Hujan Ringan
2023-07-22,29.2,80.0,3.4,5.7,2.0,Hujan Ringan
2023-07-23,28.6,82.0,3.4,2.7,2.0,Hujan Ringan
2023-07-24,28.2,84.0,3.4,7.2,1.0,Hujan Ringan
2023-07-25,27.9,84.0,3.4,4.6,1.0,Hujan Ringan
2023-07-26,27.8,86.0,22.7,1.8,1.0,Hujan Sedang
2023-07-27,28.0,83.0,3.4,1.0,1.0,Hujan Ringan
2023-07-28,28.4,78.0,3.4,2.7,2.0,Hujan Ringan
2023-07-29,28.0,79.0,3.4,8.0,2.0,Hujan Ringan
2023-07-30,28.3,77.0,3.4,5.7,2.0,Hujan Ringan
2023-07-31,28.3,78.0,3.4,5.4,2.0,Hujan Ringan
2023-08-01,28.4,74.0,3.4,9.9,3.0,Hujan Ringan
2023-08-02,28.3,83.0,3.4,10.3,1.0,Hujan Ringan
2023-08-03,28.9,83.0,2.4,1.2,2.0,Hujan Ringan
2023-08-04,29.1,80.0,3.4,3.9,2.0,Hujan Ringan
2023-08-05,29.1,72.0,3.4,9.1,2.0,Hujan Ringan
2023-08-06,28.8,78.0,3.4,9.9,2.0,Hujan Ringan
2023-08-07,28.5,84.0,3.4,3.4,2.0,Hujan Ringan
2023-08-08,29.0,82.0,3.4,3.0,2.0,Hujan Ringan
2023-08-09,29.0,80.0,3.4,8.5,2.0,Hujan Ringan
2023-08-10,28.7,78.0,3.4,9.9,1.0,Hujan Ringan
2023-08-11,28.4,84.0,3.4,9.2,2.0,Hujan Ringan
2023-08-12,28.2,75.0,3.4,3.4,2.0,Hujan Ringan
2023-08-13,27.7,76.0,3.4,7.1,2.0,Hujan Ringan
2023-08-14,28.1,76.0,3.4,8.0,2.0,Hujan Ringan
2023-08-15,28.5,80.0,3.4,7.3,2.0,Hujan Ringan
2023-08-16,28.5,78.0,3.4,7.3,2.0,Hujan Ringan
2023-08-17,28.5,69.0,3.4,7.3,2.0,Hujan Ringan
2023-08-18,28.0,74.0,3.4,10.0,2.0,Hujan Ringan
2023-08-19,28.4,73.0,3.4,8.9,1.0,Hujan Ringan
2023-08-20,29.1,75.0,3.4,8.3,2.0,Hujan Ringan
2023-08-21,27.9,76.0,3.4,7.4,1.0,Hujan Ringan
2023-08-22,28.2,73.0,3.4,7.1,2.0,Hujan Ringan
2023-08-23,28.7,72.0,3.4,7.0,2.0,Hujan Ringan
2023-08-24,29.1,73.0,3.4,5.4,2.0,Hujan Ringan
2023-08-25,29.2,77.0,3.4,9.3,2.0,Hujan Ringan
2023-08-26,28.9,76.0,3.4,8.7,2.0,Hujan Ringan
2023-08-27,28.9,78.0,3.4,5.5,2.0,Hujan Ringan
2023-08-28,27.6,77.0,1.2,2.4,2.0,Hujan Ringan
2023-08-29,28.2,72.0,3.4,3.5,2.0,Hujan Ringan
2023-08-30,28.4,70.0,3.4,8.1,2.0,Hujan Ringan
2023-08-31,28.3,76.0,3.4,8.9,2.0,Hujan Ringan
2023-09-01,28.4,78.0,3.4,5.3,2.0,Hujan Ringan
2023-09-02,28.6,75.0,3.4,5.2,2.0,Hujan Ringan
2023-09-03,28.8,66.0,3.4,5.7,2.0,Hujan Ringan
2023-09-04,28.1,64.0,3.4,6.7,3.0,Hujan Ringan
2023-09-05,28.4,64.0,3.4,7.7,2.0,Hujan Ringan
2023-09-06,28.4,69.0,3.4,9.4,2.0,Hujan Ringan
2023-09-07,28.9,71.0,3.4,9.0,2.0,Hujan Ringan
2023-09-08,29.3,73.0,3.4,9.0,3.0,Hujan Ringan
2023-09-09,29.1,71.0,3.4,7.0,2.0,Hujan Ringan
2023-09-10,28.3,74.0,3.4,6.7,2.0,Hujan Ringan
2023-09-11,28.8,74.0,3.4,7.1,2.0,Hujan Ringan
2023-09-12,29.4,74.0,3.4,7.0,3.0,Hujan Ringan
2023-09-13,29.4,77.0,3.4,9.7,3.0,Hujan Ringan
2023-09-14,29.0,74.0,3.4,7.5,2.0,Hujan Ringan
2023-09-15,28.9,76.0,3.4,6.3,2.0,Hujan Ringan
2023-09-16,29.3,75.0,3.4,8.2,2.0,Hujan Ringan
2023-09-17,29.4,76.0,3.4,7.7,2.0,Hujan Ringan
2023-09-18,29.9,76.0,3.4,6.0,2.0,Hujan Ringan
2023-09-19,28.5,83.0,3.4,7.5,1.0,Hujan Ringan
2023-09-20,28.8,78.0,28.9,0.9,2.0,Hujan Sedang
2023-09-21,29.2,76.0,3.4,6.6,2.0,Hujan Ringan
2023-09-22,28.9,76.0,1.5,7.5,2.0,Hujan Ringan
2023-09-23,28.0,75.0,3.4,10.5,2.0,Hujan Ringan
2023-09-24,29.2,76.0,3.4,2.8,1.0,Hujan Ringan
2023-09-25,29.9,72.0,3.4,6.4,2.0,Hujan Ringan
2023-09-26,29.7,70.0,3.4,9.5,2.0,Hujan Ringan
2023-09-27,29.4,65.0,3.4,9.2,3.0,Hujan Ringan
2023-09-28,29.7,65.0,3.4,10.0,3.0,Hujan Ringan
2023-09-29,30.3,66.0,3.4,9.9,3.0,Hujan Ringan
2023-09-30,29.0,76.0,3.4,10.0,2.0,Hujan Ringan
2023-10-01,29.1,76.0,3.4,9.6,2.0,Hujan Ringan
2023-10-02,29.5,72.0,3.4,5.4,2.0,Hujan Ringan
2023-10-03,29.3,74.0,3.4,7.2,2.0,Hujan Ringan
2023-10-04,29.7,77.0,0.0,8.3,2.0,Cerah
2023-10-05,30.5,78.0,3.4,9.7,2.0,Hujan Ringan
2023-10-06,29.6,79.0,3.4,9.7,2.0,Hujan Ringan
2023-10-07,30.0,80.0,3.4,6.5,1.0,Hujan Ringan
2023-10-08,30.3,73.0,3.4,7.5,3.0,Hujan Ringan
2023-10-09,30.2,75.0,3.4,9.2,3.0,Hujan Ringan
2023-10-10,30.7,77.0,3.4,9.6,2.0,Hujan Ringan
2023-10-11,30.8,80.0,3.4,8.0,2.0,Hujan Ringan
2023-10-12,30.2,75.0,3.4,4.1,2.0,Hujan Ringan
2023-10-13,30.9,70.0,3.4,8.8,2.0,Hujan Ringan
2023-10-14,30.3,68.0,3.4,7.2,2.0,Hujan Ringan
2023-10-15,30.5,64.0,3.4,6.9,2.0,Hujan Ringan
2023-10-16,31.1,66.0,3.4,5.0,2.0,Hujan Ringan
2023-10-18,30.4,64.0,3.4,9.2,2.0,Hujan Ringan
2023-10-19,30.2,64.0,3.4,9.2,3.0,Hujan Ringan
2023-10-20,29.7,73.0,3.4,8.7,2.0,Hujan Ringan
2023-10-21,30.8,70.0,3.4,7.3,2.0,Hujan Ringan
2023-10-22,30.8,70.0,3.4,9.4,2.0,Hujan Ringan
2023-10-23,32.2,85.0,0.0,8.0,2.0,Cerah
2023-10-24,29.8,72.0,3.4,7.5,2.0,Hujan Ringan
2023-10-25,28.8,76.0,8.4,7.4,1.0,Hujan Ringan
2023-10-26,30.0,76.0,5.0,2.8,2.0,Hujan Ringan
2023-10-27,30.0,72.0,3.4,7.6,2.0,Hujan Ringan
2023-10-28,30.8,68.0,3.4,8.8,2.0,Hujan Ringan
2023-10-29,30.6,68.0,3.4,10.6,2.0,Hujan Ringan
2023-11-01,31.5,68.0,3.4,7.4,2.0,Hujan Ringan
2023-11-02,31.9,67.0,3.4,5.7,2.0,Hujan Ringan
2023-11-03,31.6,66.0,3.4,6.5,2.0,Hujan Ringan
2023-11-04,31.3,70.0,3.4,5.3,2.0,Hujan Ringan
2023-11-05,28.5,83.0,35.5,2.5,1.0,Hujan Sedang
2023-11-06,31.2,70.0,27.5,2.1,2.0,Hujan Sedang
2023-11-07,31.8,68.0,3.4,7.0,2.0,Hujan Ringan
2023-11-08,31.9,69.0,3.4,7.2,1.0,Hujan Ringan
2023-11-09,31.9,68.0,3.4,7.2,1.0,Hujan Ringan
2023-11-10,31.3,71.0,3.4,4.8,2.0,Hujan Ringan
2023-11-11,30.7,73.0,18.0,3.6,2.0,Hujan Ringan
2023-11-12,31.1,68.0,3.4,4.5,1.0,Hujan Ringan
2023-11-14,31.1,72.0,3.4,6.8,2.0,Hujan Ringan
2023-11-15,30.2,75.0,13.8,5.2,1.0,Hujan Ringan
2023-11-16,31.8,68.0,1.2,3.1,2.0,Hujan Ringan
2023-11-17,31.6,72.0,3.4,7.4,1.0,Hujan Ringan
2023-11-18,30.8,72.0,1.5,5.1,1.0,Hujan Ringan
2023-11-19,32.0,70.0,2.5,4.9,2.0,Hujan Ringan
2023-11-20,31.5,69.0,18.2,8.6,2.0,Hujan Ringan
2023-11-22,31.7,67.0,1.0,6.2,2.0,Hujan Ringan
2023-11-23,29.5,77.0,3.4,5.0,2.0,Hujan Ringan
2023-11-24,29.8,80.0,1.8,0.0,2.0,Hujan Ringan
2023-11-25,25.9,93.0,20.5,2.4,1.0,Hujan Sedang
2023-11-26,30.1,73.0,32.0,0.0,2.0,Hujan Sedang
2023-11-27,28.1,83.0,3.4,6.2,1.0,Hujan Ringan
2023-11-28,30.3,73.0,10.0,0.4,2.0,Hujan Ringan
2023-11-29,31.4,70.0,3.4,3.4,2.0,Hujan Ringan
2023-11-30,28.5,83.0,43.4,7.0,1.0,Hujan Sedang
2023-12-01,27.1,88.0,1.4,2.7,1.0,Hujan Ringan
2023-12-02,30.3,74.0,0.1,0.0,1.0,Hujan Ringan
2023-12-03,29.3,77.0,1.3,4.1,1.0,Hujan Ringan
2023-12-04,26.8,91.0,38.4,2.7,0.0,Hujan Sedang
2023-12-05,30.3,73.0,1.0,0.0,1.0,Hujan Ringan
2023-12-06,29.9,74.0,3.4,5.4,1.0,Hujan Ringan
2023-12-07,30.3,77.0,1.8,6.3,1.0,Hujan Ringan
2023-12-08,28.7,84.0,3.4,2.5,1.0,Hujan Ringan
2023-12-09,29.6,78.0,71.5,5.1,1.0,Hujan Lebat
2023-12-10,29.6,78.0,16.8,1.3,1.0,Hujan Ringan
2023-12-11,31.2,70.0,3.4,0.0,2.0,Hujan Ringan
2023-12-12,30.9,74.0,3.4,6.5,2.0,Hujan Ringan
2023-12-13,31.3,69.0,3.4,4.5,1.0,Hujan Ringan
2023-12-14,32.2,64.0,3.4,8.6,2.0,Hujan Ringan
2023-12-15,32.1,64.0,3.4,8.7,1.0,Hujan Ringan
2023-12-17,32.0,63.0,3.4,9.6,2.0,Hujan Ringan
2023-12-24,31.8,68.0,1.3,4.4,2.0,Hujan Ringan
2023-12-25,28.4,84.0,2.6,4.7,1.0,Hujan Ringan
2023-12-26,29.1,81.0,55.3,1.6,1.0,Hujan Lebat
2023-12-27,29.7,79.0,3.4,0.0,1.0,Hujan Ringan
2023-12-28,30.8,74.0,10.5,3.9,2.0,Hujan Ringan
2023-12-29,29.7,80.0,3.4,8.0,1.0,Hujan Ringan
2023-12-30,29.2,82.0,8.9,1.6,1.0,Hujan Ringan
2023-12-31,29.6,78.0,7.2,1.9,1.0,Hujan Ringan
2024-01-01,30.2,78.0,21.0,6.6,1.0,Hujan Sedang
2024-01-02,30.5,77.0,3.4,0.7,1.0,Hujan Ringan
2024-01-03,27.9,86.0,10.7,1.0,1.0,Hujan Ringan
2024-01-04,27.0,88.0,4.6,0.1,1.0,Hujan Ringan
2024-01-05,29.1,78.0,53.8,0.0,1.0,Hujan Lebat
2024-01-06,27.7,84.0,13.2,4.8,1.0,Hujan Ringan
2024-01-07,27.3,86.0,75.2,4.4,1.0,Hujan Lebat
2024-01-08,29.0,78.0,7.0,4.2,1.0,Hujan Ringan
2024-01-09,30.3,73.0,3.4,4.4,2.0,Hujan Ringan
2024-01-10,28.9,81.0,0.3,5.4,2.0,Hujan Ringan
2024-01-11,28.6,81.0,3.4,4.9,1.0,Hujan Ringan
2024-01-12,28.8,79.0,3.6,4.2,2.0,Hujan Ringan
2024-01-13,28.6,81.0,3.4,3.0,1.0,Hujan Ringan
2024-01-14,29.0,83.0,46.0,1.2,2.0,Hujan Sedang
2024-01-15,30.1,76.0,5.7,5.9,2.0,Hujan Ringan
2024-01-16,30.8,67.0,3.4,4.3,3.0,Hujan Ringan
2024-01-17,28.2,87.0,3.4,7.2,2.0,Hujan Ringan
2024-01-18,28.6,79.0,16.5,2.8,3.0,Hujan Ringan
2024-01-19,25.2,93.0,17.9,1.8,2.0,Hujan Ringan
2024-01-21,28.7,80.0,3.4,10.6,3.0,Hujan Ringan
2024-01-22,31.0,70.0,3.5,4.9,3.0,Hujan Ringan
2024-01-23,30.4,73.0,3.4,8.3,3.0,Hujan Ringan
2024-01-25,31.1,72.0,3.4,6.9,3.0,Hujan Ringan
2024-01-26,30.5,73.0,3.4,9.5,2.0,Hujan Ringan
2024-01-27,25.8,93.0,6.8,6.5,1.0,Hujan Ringan
2024-01-28,28.2,87.0,44.1,0.4,1.0,Hujan Sedang
2024-01-29,27.8,87.0,10.0,1.5,1.0,Hujan Ringan
2024-01-30,27.6,86.0,20.8,1.8,2.0,Hujan Sedang
2024-01-31,28.2,84.0,53.5,2.2,1.0,Hujan Lebat
2024-02-01,29.1,82.0,3.4,0.2,3.0,Hujan Ringan
2024-02-02,30.8,76.0,2.0,4.9,2.0,Hujan Ringan
2024-02-03,28.1,84.0,0.6,9.0,2.0,Hujan Ringan
2024-02-04,28.7,82.0,3.4,0.5,3.0,Hujan Ringan
2024-02-05,28.4,85.0,4.1,5.8,1.0,Hujan Ringan
2024-02-06,26.5,90.0,32.8,3.6,2.0,Hujan Sedang
2024-02-07,29.1,80.0,11.2,0.9,2.0,Hujan Ringan
2024-02-08,30.5,75.0,3.4,4.5,2.0,Hujan Ringan
2024-02-09,30.0,81.0,3.4,8.8,2.0,Hujan Ringan
2024-02-10,28.7,84.0,12.8,5.0,2.0,Hujan Ringan
2024-02-11,29.9,79.0,0.1,4.0,3.0,Hujan Ringan
2024-02-12,29.6,79.0,13.3,6.6,2.0,Hujan Ringan
2024-02-13,30.1,78.0,2.3,5.5,2.0,Hujan Ringan
2024-02-14,28.0,87.0,105.6,6.3,1.0,Hujan Lebat
2024-02-15,29.5,85.0,0.5,3.2,2.0,Hujan Ringan
2024-02-16,28.8,87.0,3.4,0.3,2.0,Hujan Ringan
2024-02-17,28.7,85.0,3.4,0.0,3.0,Hujan Ringan
2024-02-18,29.5,82.0,0.9,6.1,1.0,Hujan Ringan
2024-02-19,29.6,84.0,3.4,4.2,1.0,Hujan Ringan
2024-02-20,31.0,78.0,5.6,1.3,2.0,Hujan Ringan
2024-02-21,29.7,84.0,3.4,8.8,2.0,Hujan Ringan
2024-02-22,31.8,75.0,2.8,0.2,2.0,Hujan Ringan
2024-02-23,31.3,75.0,3.4,8.7,2.0,Hujan Ringan
2024-02-24,30.3,81.0,3.4,4.2,2.0,Hujan Ringan
2024-02-25,29.3,82.0,0.2,3.2,2.0,Hujan Ringan
2024-02-26,29.4,80.0,5.8,0.4,2.0,Hujan Ringan
2024-02-27,30.3,78.0,3.4,0.8,2.0,Hujan Ringan
2024-02-28,28.0,88.0,2.2,4.1,1.0,Hujan Ringan
2024-02-29,25.8,94.0,9.6,0.4,1.0,Hujan Ringan
2024-03-01,29.8,82.0,21.9,0.0,2.0,Hujan Sedang
2024-03-02,28.2,90.0,42.0,7.4,1.0,Hujan Sedang
2024-03-03,28.4,87.0,21.6,1.3,1.0,Hujan Sedang
2024-03-04,29.8,80.0,8.8,2.0,2.0,Hujan Ringan
2024-03-05,30.9,76.0,3.4,6.3,2.0,Hujan Ringan
2024-03-06,30.6,79.0,3.4,7.8,3.0,Hujan Ringan
2024-03-08,29.1,85.0,3.4,5.7,3.0,Hujan Ringan
2024-03-09,25.4,94.0,4.8,0.0,2.0,Hujan Ringan
2024-03-10,27.4,92.0,10.3,0.0,1.0,Hujan Ringan
2024-03-11,28.1,93.0,40.7,0.0,2.0,Hujan Sedang
2024-03-12,29.3,89.0,0.2,0.0,3.0,Hujan Ringan
2024-03-13,28.9,82.0,13.5,3.6,2.0,Hujan Ringan
2024-03-14,27.4,91.0,2.2,1.1,1.0,Hujan Ringan
2024-03-15,27.0,90.0,17.4,0.0,2.0,Hujan Ringan
2024-03-16,26.0,93.0,11.2,0.0,1.0,Hujan Ringan
2024-03-17,27.0,90.0,12.9,0.8,2.0,Hujan Ringan
2024-03-18,29.7,82.0,1.9,1.9,2.0,Hujan Ringan
2024-03-19,31.1,69.0,3.4,6.8,3.0,Hujan Ringan
2024-03-21,30.2,71.0,3.4,10.8,3.0,Hujan Ringan
2024-03-22,26.0,92.0,64.5,11.1,1.0,Hujan Lebat
2024-03-23,30.6,72.0,56.2,0.0,1.0,Hujan Lebat
2024-03-24,31.0,77.0,8.8,6.8,2.0,Hujan Ringan
2024-03-25,29.4,81.0,2.8,6.6,1.0,Hujan Ringan
2024-03-26,29.2,79.0,6.0,3.9,1.0,Hujan Ringan
2024-03-27,28.7,83.0,19.0,3.7,1.0,Hujan Ringan
2024-03-28,28.3,85.0,3.4,0.0,1.0,Hujan Ringan
2024-03-29,29.1,83.0,45.0,4.4,1.0,Hujan Sedang
2024-03-30,29.2,84.0,17.3,3.8,2.0,Hujan Ringan
2024-03-31,30.4,78.0,18.0,5.1,1.0,Hujan Ringan
2024-04-01,28.8,82.0,0.4,6.3,1.0,Hujan Ringan
2024-04-02,29.7,83.0,11.0,3.7,1.0,Hujan Ringan
2024-04-03,28.8,86.0,5.0,0.9,1.0,Hujan Ringan
2024-04-04,29.9,83.0,37.3,2.7,0.0,Hujan Sedang
2024-04-05,28.5,88.0,3.4,4.4,1.0,Hujan Ringan
2024-04-06,30.2,82.0,14.3,1.1,1.0,Hujan Ringan
2024-04-07,31.6,77.0,3.4,3.0,1.0,Hujan Ringan
2024-04-08,31.2,76.0,3.4,7.4,1.0,Hujan Ringan
2024-04-09,29.1,84.0,3.4,4.8,1.0,Hujan Ringan
2024-04-10,30.1,80.0,42.6,0.9,1.0,Hujan Sedang
2024-04-11,30.3,81.0,43.0,5.1,2.0,Hujan Sedang
2024-04-12,27.6,90.0,45.0,4.1,1.0,Hujan Sedang
2024-04-13,31.0,79.0,18.8,1.0,1.0,Hujan Ringan
2024-04-14,29.9,84.0,10.6,2.8,1.0,Hujan Ringan
2024-04-15,29.8,81.0,7.3,5.1,2.0,Hujan Ringan
2024-04-16,32.0,75.0,3.4,7.3,2.0,Hujan Ringan
2024-04-17,30.6,81.0,3.4,8.6,2.0,Hujan Ringan
2024-04-18,29.9,81.0,13.5,7.1,2.0,Hujan Ringan
2024-04-19,29.5,83.0,21.7,6.3,1.0,Hujan Sedang
2024-04-20,31.2,77.0,0.1,2.9,2.0,Hujan Ringan
2024-04-21,28.8,86.0,1.0,6.9,1.0,Hujan Ringan
2024-04-22,31.5,76.0,3.4,0.6,2.0,Hujan Ringan
2024-04-23,30.6,80.0,3.4,9.1,2.0,Hujan Ringan
2024-04-24,30.0,83.0,3.4,2.8,1.0,Hujan Ringan
2024-04-25,28.8,89.0,67.5,1.0,1.0,Hujan Lebat
2024-04-26,29.4,86.0,20.7,0.0,1.0,Hujan Sedang
2024-04-27,29.9,81.0,14.3,6.0,1.0,Hujan Ringan
2024-04-28,31.0,81.0,3.3,3.8,1.0,Hujan Ringan
2024-04-29,32.2,74.0,3.4,5.3,2.0,Hujan Ringan
2024-04-30,31.6,79.0,3.4,7.6,1.0,Hujan Ringan
2024-05-01,31.0,79.0,0.2,2.9,1.0,Hujan Ringan
2024-05-02,32.0,76.0,3.4,1.4,2.0,Hujan Ringan
2024-05-03,30.5,82.0,3.4,3.8,1.0,Hujan Ringan
2024-05-04,31.1,77.0,3.4,3.7,2.0,Hujan Ringan
2024-05-05,31.7,75.0,3.4,5.9,1.0,Hujan Ringan
2024-05-06,31.6,73.0,3.4,6.4,1.0,Hujan Ringan
2024-05-07,32.1,69.0,3.4,7.1,2.0,Hujan Ringan
2024-05-08,31.3,74.0,3.4,6.6,2.0,Hujan Ringan
2024-05-09,31.6,73.0,3.4,7.0,2.0,Hujan Ringan
2024-05-11,29.8,84.0,3.4,8.0,1.0,Hujan Ringan
2024-05-12,31.9,72.0,20.3,3.9,2.0,Hujan Sedang
2024-05-13,30.0,81.0,3.4,7.8,2.0,Hujan Ringan
2024-05-14,29.2,85.0,3.4,3.8,1.0,Hujan Ringan
2024-05-15,32.0,71.0,4.7,0.0,2.0,Hujan Ringan
2024-05-16,31.4,76.0,3.4,9.3,2.0,Hujan Ringan
2024-05-17,30.8,78.0,3.4,4.1,2.0,Hujan Ringan
2024-05-18,31.5,75.0,15.0,3.6,2.0,Hujan Ringan
2024-05-19,31.3,77.0,3.4,7.7,1.0,Hujan Ringan
2024-05-20,31.2,76.0,3.4,5.6,2.0,Hujan Ringan
2024-05-21,31.6,74.0,3.4,2.8,1.0,Hujan Ringan
2024-05-22,30.1,81.0,3.4,5.1,2.0,Hujan Ringan
2024-05-23,29.5,84.0,5.2,1.0,1.0,Hujan Ringan
2024-05-24,30.6,81.0,3.4,1.5,2.0,Hujan Ringan
2024-05-25,27.2,90.0,7.5,4.1,1.0,Hujan Ringan
2024-05-26,30.6,81.0,4.1,0.0,1.0,Hujan Ringan
2024-05-27,32.0,74.0,3.4,1.5,1.0,Hujan Ringan
2024-05-28,31.5,78.0,3.4,4.6,2.0,Hujan Ringan
2024-05-29,31.9,76.0,3.4,6.5,2.0,Hujan Ringan
2024-05-30,31.9,75.0,3.4,7.6,1.0,Hujan Ringan
2024-05-31,32.0,76.0,3.4,8.2,2.0,Hujan Ringan
2024-06-01,30.7,81.0,3.4,6.9,1.0,Hujan Ringan
2024-06-02,30.6,79.0,3.4,1.2,2.0,Hujan Ringan
2024-06-03,28.8,85.0,15.8,0.8,1.0,Hujan Ringan
2024-06-04,29.6,82.0,3.4,0.0,1.0,Hujan Ringan
2024-06-05,31.2,78.0,0.8,3.2,1.0,Hujan Ringan
2024-06-06,31.8,71.0,3.4,8.6,2.0,Hujan Ringan
2024-06-07,31.5,74.0,3.4,9.0,1.0,Hujan Ringan
2024-06-08,31.4,74.0,3.4,7.5,2.0,Hujan Ringan
2024-06-09,29.0,83.0,3.4,8.9,1.0,Hujan Ringan
2024-06-10,30.6,80.0,8.6,2.7,1.0,Hujan Ringan
2024-06-11,28.2,90.0,0.2,6.4,1.0,Hujan Ringan
2024-06-12,29.5,85.0,47.5,3.2,1.0,Hujan Sedang
2024-06-13,29.6,81.0,2.1,3.8,2.0,Hujan Ringan
2024-06-14,30.6,80.0,1.8,2.3,1.0,Hujan Ringan
2024-06-15,30.2,82.0,0.2,6.3,1.0,Hujan Ringan
2024-06-16,28.7,87.0,29.8,4.6,1.0,Hujan Sedang
2024-06-17,30.7,78.0,6.0,1.5,2.0,Hujan Ringan
2024-06-18,28.7,84.0,3.4,5.0,1.0,Hujan Ringan
2024-06-19,30.7,75.0,4.6,1.4,3.0,Hujan Ringan
2024-06-20,31.0,71.0,3.4,5.3,2.0,Hujan Ringan
2024-06-21,31.2,73.0,3.4,8.3,2.0,Hujan Ringan
2024-06-22,30.3,77.0,3.4,9.2,1.0,Hujan Ringan
2024-06-23,31.4,66.0,3.4,2.6,2.0,Hujan Ringan
2024-06-24,31.2,73.0,3.4,9.0,2.0,Hujan Ringan
2024-06-25,28.1,85.0,3.4,5.7,1.0,Hujan Ringan
2024-06-26,31.0,76.0,3.2,1.4,2.0,Hujan Ringan
2024-06-27,30.2,78.0,3.4,9.8,2.0,Hujan Ringan
2024-06-28,29.1,83.0,3.0,5.3,1.0,Hujan Ringan
2024-06-29,27.5,85.0,10.0,5.3,1.0,Hujan Ringan
2024-06-30,30.2,72.0,3.4,2.4,2.0,Hujan Ringan
2024-07-01,30.1,75.0,3.4,9.3,1.0,Hujan Ringan
2024-07-02,28.5,80.0,3.4,5.1,1.0,Hujan Ringan
2024-07-03,29.0,77.0,21.0,2.3,1.0,Hujan Sedang
2024-07-04,28.0,83.0,45.8,5.8,1.0,Hujan Sedang
2024-07-05,28.5,77.0,10.5,3.0,2.0,Hujan Ringan
2024-07-07,27.6,78.0,108.5,0.0,1.0,Hujan Lebat
2024-07-08,27.75,81.0,3.4,3.9,1.0,Hujan Ringan
2024-07-09,27.9,84.0,10.0,7.8,2.0,Hujan Ringan
2024-07-10,28.4,78.0,0.0,3.9,2.0,Cerah
2024-07-11,28.5,76.0,0.0,3.3,2.0,Cerah
2024-07-12,28.5,73.0,0.0,7.7,2.0,Cerah
2024-07-13,27.4,80.0,0.0,8.0,1.0,Cerah
2024-07-14,27.3,70.0,0.0,8.0,1.0,Cerah
2024-07-15,27.1,69.0,0.0,8.0,1.0,Cerah
2024-07-16,28.1,68.0,0.0,8.0,2.0,Cerah
2024-07-17,28.2,74.0,0.0,8.0,2.0,Cerah
2024-07-18,28.9,72.0,0.0,7.4,1.0,Cerah
2024-07-19,28.4,74.0,0.0,3.9,2.0,Cerah
2024-07-20,28.4,75.0,0.0,5.4,2.0,Cerah
2024-07-21,28.8,74.0,0.0,8.0,1.0,Cerah
2024-07-22,28.5,71.0,0.0,8.0,2.0,Cerah
2024-07-23,28.3,74.0,0.0,8.0,1.0,Cerah
2024-07-24,28.8,64.0,0.0,8.0,2.0,Cerah
2024-07-25,28.5,68.0,0.0,5.9,2.0,Cerah
2024-07-26,28.4,72.0,0.0,2.5,2.0,Cerah
2024-07-27,29.0,70.0,3.4,5.9,2.0,Hujan Ringan
2024-07-28,29.1,70.0,0.0,8.0,2.0,Cerah
2024-07-29,29.0,65.0,0.0,6.4,2.0,Cerah
2024-07-30,28.9,67.0,0.0,7.4,2.0,Cerah
2024-07-31,29.3,69.0,0.0,7.0,2.0,Cerah
2024-08-01,28.9,75.0,0.0,8.0,1.0,Cerah
2024-08-02,27.9,80.0,1.0,4.2,1.0,Hujan Ringan
2024-08-03,27.4,83.0,3.0,4.5,2.0,Hujan Ringan
2024-08-04,27.5,82.0,41.8,6.8,2.0,Hujan Sedang
2024-08-05,27.8,77.0,24.0,7.3,2.0,Hujan Sedang
2024-08-06,28.5,70.0,0.0,5.0,2.0,Cerah
2024-08-07,28.6,69.0,0.0,8.0,2.0,Cerah
2024-08-08,28.7,69.0,0.0,5.3,1.0,Cerah
2024-08-09,29.4,67.0,0.0,3.3,2.0,Cerah
2024-08-10,29.5,70.0,0.0,8.0,2.0,Cerah
2024-08-11,28.9,73.0,0.0,8.0,2.0,Cerah
2024-08-12,28.4,65.0,0.0,6.9,2.0,Cerah
2024-08-13,28.6,65.0,0.0,5.4,2.0,Cerah
2024-08-14,28.9,71.0,0.0,8.0,1.0,Cerah
2024-08-15,29.0,70.0,0.0,8.0,2.0,Cerah
2024-08-16,28.9,74.0,0.0,7.2,1.0,Cerah
2024-08-17,29.1,73.0,0.0,5.3,2.0,Cerah
2024-08-18,29.2,74.0,0.0,2.4,2.0,Cerah
2024-08-19,29.1,73.0,0.0,8.0,2.0,Cerah
2024-08-20,28.8,75.0,0.0,8.0,1.0,Cerah
2024-08-21,29.3,73.0,0.0,6.7,2.0,Cerah
2024-08-22,29.1,71.0,0.0,8.0,2.0,Cerah
2024-08-23,29.1,70.0,0.0,8.0,2.0,Cerah
2024-08-24,28.4,70.0,0.0,5.9,2.0,Cerah
2024-08-25,29.0,64.0,0.0,7.5,2.0,Cerah
2024-08-26,29.1,66.0,3.0,8.0,2.0,Hujan Ringan
2024-08-27,28.9,71.0,0.0,8.0,2.0,Cerah
2024-08-28,29.2,63.0,0.0,8.0,2.0,Cerah
2024-08-29,28.0,70.0,0.0,5.5,2.0,Cerah
2024-08-30,28.3,72.0,3.5,4.9,1.0,Hujan Ringan
2024-08-31,28.8,66.0,0.0,4.4,2.0,Cerah
2024-09-01,29.2,71.0,0.0,8.0,1.0,Cerah
2024-09-02,30.6,71.0,0.0,5.6,2.0,Cerah
2024-09-03,28.6,74.0,10.0,7.8,1.0,Hujan Ringan
2024-09-04,28.8,67.0,8.0,6.1,2.0,Hujan Ringan
2024-09-05,29.5,70.0,0.0,6.1,2.0,Cerah
2024-09-06,30.7,65.0,1.2,7.4,2.0,Hujan Ringan
2024-09-07,30.2,63.0,0.0,8.0,2.0,Cerah
2024-09-08,30.0,66.0,0.0,8.0,2.0,Cerah
2024-09-09,28.6,78.0,0.0,8.0,2.0,Cerah
2024-09-10,27.6,82.0,5.2,5.8,2.0,Hujan Ringan
2024-09-11,29.1,71.0,9.2,2.3,2.0,Hujan Ringan
2024-09-12,28.1,82.0,0.0,4.3,1.0,Cerah
2024-09-13,27.4,81.0,41.8,5.6,1.0,Hujan Sedang
2024-09-14,28.5,69.0,0.0,6.5,2.0,Cerah
2024-09-15,28.7,71.0,0.0,8.0,2.0,Cerah
2024-09-16,28.9,72.0,0.0,8.0,2.0,Cerah
2024-09-17,28.8,66.0,0.0,6.9,2.0,Cerah
2024-09-18,28.3,67.0,0.0,8.0,2.0,Cerah
2024-09-19,28.7,68.0,0.0,7.9,2.0,Cerah
2024-09-20,29.3,69.0,0.0,8.0,2.0,Cerah
2024-09-21,28.7,79.0,0.0,8.0,2.0,Cerah
2024-09-22,29.7,77.0,0.0,4.9,2.0,Cerah
2024-09-23,29.9,77.0,0.0,3.8,2.0,Cerah
2024-09-24,26.7,87.0,0.0,2.6,1.0,Cerah
2024-09-25,27.2,84.0,28.8,2.1,1.0,Hujan Sedang
2024-09-26,27.4,85.0,14.9,4.9,2.0,Hujan Ringan
2024-09-27,28.6,80.0,7.5,4.1,2.0,Hujan Ringan
2024-09-28,30.2,75.0,0.0,8.0,2.0,Cerah
2024-09-29,29.4,77.0,0.0,5.7,2.0,Cerah
2024-09-30,30.1,73.0,0.0,5.6,3.0,Cerah
2024-10-01,29.9,77.0,0.0,8.0,1.0,Cerah
2024-10-02,30.1,79.0,0.0,8.0,2.0,Cerah
2024-10-03,29.6,78.0,0.0,5.2,1.0,Cerah
2024-10-04,29.0,80.0,0.0,0.6,2.0,Cerah
2024-10-05,28.9,81.0,0.3,6.6,2.0,Hujan Ringan
2024-10-06,29.1,78.0,3.4,8.0,2.0,Hujan Ringan
2024-10-07,30.3,71.0,0.0,4.4,2.0,Cerah
2024-10-08,30.2,75.0,0.0,8.0,2.0,Cerah
2024-10-09,29.8,80.0,0.0,6.2,2.0,Cerah
2024-10-10,30.0,80.0,0.0,8.0,1.0,Cerah
2024-10-11,30.3,81.0,0.0,5.7,2.0,Cerah
2024-10-12,29.8,76.0,0.0,8.0,1.0,Cerah
2024-10-13,29.4,75.0,0.0,2.9,3.0,Cerah
2024-10-14,28.9,79.0,0.0,4.2,1.0,Cerah
2024-10-15,28.6,75.0,0.1,1.5,2.0,Hujan Ringan
2024-10-16,29.6,71.0,0.0,8.0,1.0,Cerah
2024-10-19,29.7,67.0,0.0,8.0,2.0,Cerah
2024-10-20,30.0,63.0,0.0,7.0,3.0,Cerah
2024-10-21,29.4,65.0,0.0,8.0,2.0,Cerah
2024-10-22,30.2,64.0,0.0,5.8,2.0,Cerah
2024-10-23,30.7,69.0,0.0,8.0,2.0,Cerah
2024-10-24,30.8,68.0,0.0,5.4,2.0,Cerah
2024-10-25,29.0,77.0,1.0,5.2,1.0,Hujan Ringan
2024-10-26,29.8,69.0,23.7,6.1,2.0,Hujan Sedang
2024-10-27,29.9,71.0,0.0,8.0,2.0,Cerah
2024-10-28,29.2,74.0,0.0,7.2,2.0,Cerah
2024-10-29,30.5,72.0,0.0,6.6,1.0,Cerah
2024-10-30,30.8,66.0,0.0,8.0,2.0,Cerah
2024-10-31,30.0,71.0,0.8,8.0,2.0,Hujan Ringan
2024-11-01,29.9,70.0,0.0,7.2,2.0,Cerah
2024-11-02,28.6,76.0,3.4,3.0,2.0,Hujan Ringan
2024-11-03,27.2,83.0,27.6,4.6,1.0,Hujan Sedang
2024-11-04,27.6,82.0,11.4,2.6,1.0,Hujan Ringan
2024-11-05,28.2,81.0,0.5,2.9,2.0,Hujan Ringan
2024-11-06,29.0,73.0,68.5,6.1,2.0,Hujan Lebat
2024-11-07,28.6,78.0,0.0,6.6,1.0,Cerah
2024-11-08,29.9,72.0,0.0,3.6,1.0,Cerah
2024-11-09,28.5,78.0,0.0,5.4,2.0,Cerah
2024-11-10,27.9,80.0,4.0,3.9,2.0,Hujan Ringan
2024-11-11,27.3,86.0,12.5,2.5,1.0,Hujan Ringan
2024-11-12,25.5,95.0,13.9,2.0,1.0,Hujan Ringan
2024-11-13,29.1,76.0,42.1,3.7,2.0,Hujan Sedang
2024-11-14,29.8,75.0,0.2,5.0,2.0,Hujan Ringan
2024-11-15,29.7,76.0,0.0,4.6,1.0,Cerah
2024-11-16,27.6,89.0,22.6,0.6,1.0,Hujan Sedang
2024-11-17,28.6,81.0,2.3,1.7,2.0,Hujan Ringan
2024-11-18,27.8,84.0,16.3,6.0,1.0,Hujan Ringan
2024-11-19,28.1,81.0,0.2,4.7,1.0,Hujan Ringan
2024-11-20,28.2,82.0,42.3,6.8,2.0,Hujan Sedang
2024-11-21,28.2,82.0,3.4,5.4,1.0,Hujan Ringan
2024-11-22,27.8,83.0,0.0,5.4,2.0,Cerah
2024-11-23,27.9,82.0,106.5,5.3,1.0,Hujan Lebat
2024-11-24,27.6,85.0,8.0,3.5,2.0,Hujan Ringan
2024-11-25,28.4,81.0,55.3,5.6,2.0,Hujan Lebat
2024-11-26,28.7,79.0,0.0,4.7,2.0,Cerah
2024-11-27,27.3,87.0,11.2,5.0,2.0,Hujan Ringan
2024-11-28,27.9,79.0,18.7,4.8,2.0,Hujan Ringan
2024-11-29,27.9,78.0,0.2,2.9,3.0,Hujan Ringan
2024-11-30,29.5,70.0,0.0,0.9,3.0,Cerah
2024-12-02,28.2,80.0,0.4,8.0,3.0,Hujan Ringan
2024-12-03,26.1,84.0,4.7,1.0,3.0,Hujan Ringan
2024-12-04,26.1,87.0,5.2,0.1,2.0,Hujan Ringan
2024-12-05,27.3,84.0,3.4,0.0,3.0,Hujan Ringan
2024-12-06,26.5,87.0,7.0,3.0,1.0,Hujan Ringan
2024-12-07,27.5,85.0,3.4,0.0,1.0,Hujan Ringan
2024-12-08,27.4,86.0,39.9,2.4,1.0,Hujan Sedang
2024-12-09,25.8,94.0,0.1,3.3,1.0,Hujan Ringan
2024-12-10,26.2,89.0,25.0,0.0,3.0,Hujan Sedang
2024-12-11,28.7,76.0,3.6,1.2,2.0,Hujan Ringan
2024-12-12,29.0,72.0,0.2,3.5,3.0,Hujan Ringan
2024-12-13,29.5,69.0,0.0,4.2,3.0,Cerah
2024-12-14,27.2,83.0,0.0,5.6,3.0,Cerah
2024-12-15,27.0,82.0,0.8,0.8,2.0,Hujan Ringan
2024-12-16,27.0,86.0,26.8,1.3,2.0,Hujan Sedang
2024-12-17,27.6,82.0,4.1,0.5,2.0,Hujan Ringan
2024-12-18,27.4,81.0,0.0,3.0,3.0,Cerah
2024-12-19,27.1,85.0,1.1,4.9,2.0,Hujan Ringan
2024-12-20,27.3,83.0,2.3,2.7,2.0,Hujan Ringan
2024-12-21,27.8,82.0,3.4,5.6,2.0,Hujan Ringan
2024-12-22,28.1,84.0,0.4,1.5,1.0,Hujan Ringan
2024-12-23,26.3,92.0,6.2,2.8,2.0,Hujan Ringan
2024-12-24,27.1,85.0,22.2,0.8,2.0,Hujan Sedang
2024-12-25,27.5,83.0,3.4,1.6,2.0,Hujan Ringan
2024-12-26,28.3,83.0,3.4,0.1,3.0,Hujan Ringan
2024-12-27,28.8,77.0,0.0,1.6,2.0,Cerah
2024-12-28,29.6,68.0,0.0,6.7,2.0,Cerah
2024-12-29,29.0,76.0,0.0,6.3,2.0,Cerah
2024-12-30,27.5,79.0,0.0,1.9,3.0,Cerah
2024-12-31,28.0,79.0,3.0,4.8,2.0,Hujan Ringan
